Experimento,Banda_Mbps,Atraso_ms,Perda_configurada_percentual,Fundo,Throughput_medio_Mbps,Retransmissoes_media,FPS_medio,Frames_medio,Bitrate_video_medio_kbits,Pacotes_Router_medio,Pacotes_Client1_medio,Perda_observada_media_percentual,PCAP_Router_medio_bytes,PCAP_Client1_medio_bytes
E1,200,0,0,Sem fundo,,,30.0,1801.0,1064.0,6559.6,6666.0,0.0,731194.0,743110.8
E2,200,0,0,Com fundo,191.0,0.0,30.0,1801.0,1064.0,6608.4,6666.0,0.0,5640995.2,5679676.8
E3,200,0,10,Sem fundo,,,30.0,1801.0,1064.0,5862.4,5981.0,0.0,653506.4,666789.6
E4,200,0,10,Com fundo,6.008,3374.8,30.0,1801.0,1064.0,5965.4,5987.6,0.0,4514519.6,4524083.0
E5,200,50,0,Sem fundo,,,30.0,1801.0,1064.0,6529.4,6666.0,0.0,727811.6,743110.8
E6,200,50,0,Com fundo,190.0,0.0,30.0,1801.0,1064.0,6666.0,6666.0,0.0,7490618.0,7491083.6
E7,200,50,10,Sem fundo,,,30.0,1801.0,1064.0,5867.4,5991.8,0.0,653988.0,667920.8
E8,200,50,10,Com fundo,0.7392000000000001,402.0,30.0,1801.0,1064.0,5996.8,5996.8,0.0,1110529.6,1110529.6
E9,100,0,0,Sem fundo,,,30.0,1801.0,1064.0,6559.6,6666.0,0.0,731170.8,743110.8
E10,100,0,0,Com fundo,95.02,0.0,30.0,1801.0,1064.0,6599.6,6666.0,0.0,3233410.0,3256844.4
E11,100,0,10,Sem fundo,,,30.0,1801.0,1064.0,5879.2,5999.0,0.0,655420.0,668837.6
E12,100,0,10,Com fundo,4.198,2385.2,30.0,1801.0,1064.0,5858.8,5981.6,0.0,3833971.6,3883381.4
E13,100,50,0,Sem fundo,,,30.0,1801.0,1064.0,6527.0,6666.0,0.0,727560.0,743128.0
E14,100,50,0,Com fundo,95.02,310.2,30.0,1801.0,1064.0,6539.8,6612.8,0.0,7751142.4,7819238.0
E15,100,50,10,Sem fundo,,,30.0,1801.0,1064.0,5889.0,6013.2,0.0,656358.4,670268.8
E16,100,50,10,Com fundo,0.7327999999999999,375.4,30.0,1801.0,1064.0,5910.2,5986.2,0.0,1112398.4,1127144.8
