Experimento,Repeticao,Banda_Mbps,Atraso_ms,Perda_configurada_percentual,Fundo,Throughput_iperf_Mbps,Retransmissoes_iperf,FPS,Frames,Bitrate_video_kbits,Pacotes_video_Router,Pacotes_video_Client1,Perda_observada_percentual,Tamanho_PCAP_Router_bytes,Tamanho_PCAP_Client1_bytes
E1,1,200,0,0,sem,,,30.0,1801,1064.0,6666,6666,0.0,743134,743134
E1,2,200,0,0,sem,,,30.0,1801,1064.0,6533,6666,0,728238,743134
E1,3,200,0,0,sem,,,30.0,1801,1064.0,6533,6666,0,728238,743134
E1,4,200,0,0,sem,,,30.0,1801,1064.0,6533,6666,0,728122,743018
E1,5,200,0,0,sem,,,30.0,1801,1064.0,6533,6666,0,728238,743134
E2,1,200,0,0,com,191.0,0,30.0,1801,1064.0,6521,6666,0,5583106,5680616
E2,2,200,0,0,com,191.0,0,30.0,1801,1064.0,6666,6666,0.0,5677516,5677516
E2,3,200,0,0,com,191.0,0,30.0,1801,1064.0,6666,6666,0.0,5678904,5678904
E2,4,200,0,0,com,191.0,0,30.0,1801,1064.0,6523,6666,0,5582916,5678814
E2,5,200,0,0,com,191.0,0,30.0,1801,1064.0,6666,6666,0.0,5682534,5682534
E3,1,200,0,10,sem,,,30.0,1801,1064.0,5868,5985,0,654214,667318
E3,2,200,0,10,sem,,,30.0,1801,1064.0,5875,5993,0,654894,668110
E3,3,200,0,10,sem,,,30.0,1801,1064.0,5857,5977,0,652858,666298
E3,4,200,0,10,sem,,,30.0,1801,1064.0,5846,5962,0,651558,664550
E3,5,200,0,10,sem,,,30.0,1801,1064.0,5866,5988,0,654008,667672
E4,1,200,0,10,com,6.68,3718,30.0,1801,1064.0,5838,5949,0,4694110,4742596
E4,2,200,0,10,com,5.51,3081,30.0,1801,1064.0,5998,5998,0.0,4285147,4284643
E4,3,200,0,10,com,6.71,3711,30.0,1801,1064.0,6011,6011,0.0,4928211,4928211
E4,4,200,0,10,com,5.91,3346,30.0,1801,1064.0,5981,5981,0.0,4662062,4662062
E4,5,200,0,10,com,5.23,3018,30.0,1801,1064.0,5999,5999,0.0,4003068,4002903
E5,1,200,50,0,sem,,,30.0,1801,1064.0,6527,6666,0,727566,743134
E5,2,200,50,0,sem,,,30.0,1801,1064.0,6531,6666,0,728130,743250
E5,3,200,50,0,sem,,,30.0,1801,1064.0,6531,6666,0,727898,743018
E5,4,200,50,0,sem,,,30.0,1801,1064.0,6527,6666,0,727566,743134
E5,5,200,50,0,sem,,,30.0,1801,1064.0,6531,6666,0,727898,743018
E6,1,200,50,0,com,190.0,0,30.0,1801,1064.0,6666,6666,0.0,7535188,7535188
E6,2,200,50,0,com,190.0,0,30.0,1801,1064.0,6666,6666,0.0,7452856,7452856
E6,3,200,50,0,com,190.0,0,30.0,1801,1064.0,6666,6666,0.0,7418980,7419174
E6,4,200,50,0,com,190.0,0,30.0,1801,1064.0,6666,6666,0.0,7495052,7497186
E6,5,200,50,0,com,190.0,0,30.0,1801,1064.0,6666,6666,0.0,7551014,7551014
E7,1,200,50,10,sem,,,30.0,1801,1064.0,5836,5962,0,650460,664572
E7,2,200,50,10,sem,,,30.0,1801,1064.0,5874,5992,0,654606,667822
E7,3,200,50,10,sem,,,30.0,1801,1064.0,5897,6021,0,657486,671374
E7,4,200,50,10,sem,,,30.0,1801,1064.0,5869,5996,0,654106,668330
E7,5,200,50,10,sem,,,30.0,1801,1064.0,5861,5988,0,653282,667506
E8,1,200,50,10,com,0.772,407,30.0,1801,1064.0,5988,5988,0.0,1119890,1119890
E8,2,200,50,10,com,0.777,414,30.0,1801,1064.0,5997,5997,0.0,1118204,1118204
E8,3,200,50,10,com,0.62,387,30.0,1801,1064.0,6002,6002,0.0,1071400,1071400
E8,4,200,50,10,com,0.755,399,30.0,1801,1064.0,6000,6000,0.0,1114942,1114942
E8,5,200,50,10,com,0.772,403,30.0,1801,1064.0,5997,5997,0.0,1128212,1128212
E9,1,100,0,0,sem,,,30.0,1801,1064.0,6666,6666,0.0,743018,743018
E9,2,100,0,0,sem,,,30.0,1801,1064.0,6533,6666,0,728238,743134
E9,3,100,0,0,sem,,,30.0,1801,1064.0,6533,6666,0,728238,743134
E9,4,100,0,0,sem,,,30.0,1801,1064.0,6533,6666,0,728238,743134
E9,5,100,0,0,sem,,,30.0,1801,1064.0,6533,6666,0,728122,743134
E10,1,100,0,0,com,95.1,0,30.0,1801,1064.0,6666,6666,0.0,3255080,3255080
E10,2,100,0,0,com,95.0,0,30.0,1801,1064.0,6666,6666,0.0,3256982,3256788
E10,3,100,0,0,com,95.0,0,30.0,1801,1064.0,6666,6666,0.0,3256572,3256572
E10,4,100,0,0,com,95.0,0,30.0,1801,1064.0,6500,6666,0,3198630,3257466
E10,5,100,0,0,com,95.0,0,30.0,1801,1064.0,6500,6666,0,3199786,3258316
E11,1,100,0,10,sem,,,30.0,1801,1064.0,5907,6027,0,658434,671874
E11,2,100,0,10,sem,,,30.0,1801,1064.0,5868,5988,0,654166,667606
E11,3,100,0,10,sem,,,30.0,1801,1064.0,5880,5998,0,655526,668742
E11,4,100,0,10,sem,,,30.0,1801,1064.0,5853,5976,0,652502,666278
E11,5,100,0,10,sem,,,30.0,1801,1064.0,5888,6006,0,656472,669688
E12,1,100,0,10,com,4.13,2331,30.0,1801,1064.0,5882,6002,0,3860593,3925908
E12,2,100,0,10,com,4.39,2447,30.0,1801,1064.0,5822,5949,0,3986866,4055155
E12,3,100,0,10,com,4.7,2685,30.0,1801,1064.0,5874,5999,0,4141258,4155751
E12,4,100,0,10,com,3.81,2203,30.0,1801,1064.0,5886,6013,0,3553694,3593039
E12,5,100,0,10,com,3.96,2260,30.0,1801,1064.0,5830,5945,0,3627447,3687054
E13,1,100,50,0,sem,,,30.0,1801,1064.0,6527,6666,0,727450,743018
E13,2,100,50,0,sem,,,30.0,1801,1064.0,6527,6666,0,727566,743134
E13,3,100,50,0,sem,,,30.0,1801,1064.0,6527,6666,0,727566,743134
E13,4,100,50,0,sem,,,30.0,1801,1064.0,6527,6666,0,727566,743134
E13,5,100,50,0,sem,,,30.0,1801,1064.0,6527,6666,0,727652,743220
E14,1,100,50,0,com,95.7,1551,30.0,1801,1064.0,6545,6545,0.0,8954674,8955062
E14,2,100,50,0,com,94.6,0,30.0,1801,1064.0,6482,6602,0,7010668,7111558
E14,3,100,50,0,com,95.3,0,30.0,1801,1064.0,6666,6666,0.0,8413554,8416076
E14,4,100,50,0,com,94.6,0,30.0,1801,1064.0,6503,6666,0,6759174,6847420
E14,5,100,50,0,com,94.9,0,30.0,1801,1064.0,6503,6585,0,7617642,7766074
E15,1,100,50,10,sem,,,30.0,1801,1064.0,5888,6006,0,656030,669246
E15,2,100,50,10,sem,,,30.0,1801,1064.0,5891,6018,0,656680,670904
E15,3,100,50,10,sem,,,30.0,1801,1064.0,5865,5996,0,653866,668538
E15,4,100,50,10,sem,,,30.0,1801,1064.0,5874,6000,0,654690,668802
E15,5,100,50,10,sem,,,30.0,1801,1064.0,5927,6046,0,660526,673854
E16,1,100,50,10,com,0.777,394,30.0,1801,1064.0,5986,5986,0.0,1150648,1150648
E16,2,100,50,10,com,0.727,360,30.0,1801,1064.0,6017,6017,0.0,1116086,1116086
E16,3,100,50,10,com,0.702,365,30.0,1801,1064.0,5851,5978,0,1088344,1114250
E16,4,100,50,10,com,0.703,374,30.0,1801,1064.0,5846,5973,0,1093630,1117102
E16,5,100,50,10,com,0.755,384,30.0,1801,1064.0,5851,5977,0,1113284,1137638
